"Time (s)","Latitude (°)","Longitude (°)","Altitude (m)","Altitude WGS84 (m)","Speed (m/s)","Direction (°)","Distance (km)","Horizontal Accuracy (m)","Vertical Accuracy (m)","Satellites"
1.051502135E0,5.162426778E1,6.974752180E0,3.457334878E1,7.930236816E1,0.000000000E0,0.000000000E0,0.000000000E0,8.247546196E0,8.738114357E0,1.000000000E1
1.144408489E0,5.162426778E1,6.974752180E0,3.457334878E1,7.930236816E1,0.000000000E0,0.000000000E0,1.036780683E-3,8.247546196E0,8.738114357E0,1.000000000E1
2.152151301E0,5.162427649E1,6.974746820E0,3.382112028E1,7.855010986E1,0.000000000E0,0.000000000E0,1.036780683E-3,6.501942158E0,7.894356728E0,8.000000000E0
3.147425520E0,5.162427649E1,6.974746820E0,3.382099821E1,7.854998779E1,0.000000000E0,0.000000000E0,1.036780683E-3,6.289083481E0,7.317812443E0,8.000000000E0
4.146594374E0,5.162427649E1,6.974746820E0,3.382093717E1,7.854992676E1,0.000000000E0,0.000000000E0,1.036780683E-3,6.193391323E0,6.804930210E0,8.000000000E0
5.146087446E0,5.162427649E1,6.974746820E0,3.382093717E1,7.854992676E1,0.000000000E0,0.000000000E0,1.036780683E-3,6.210118294E0,6.360806942E0,8.000000000E0
6.146656091E0,5.162427649E1,6.974746820E0,3.382093717E1,7.854992676E1,0.000000000E0,0.000000000E0,1.036780683E-3,6.538089275E0,6.288652420E0,5.000000000E0
7.146823747E0,5.162427649E1,6.974746820E0,3.382093717E1,7.854992676E1,0.000000000E0,0.000000000E0,1.036780683E-3,6.879146099E0,6.179456711E0,6.000000000E0
8.148998695E0,5.162427649E1,6.974746820E0,3.382093717E1,7.854992676E1,0.000000000E0,0.000000000E0,1.036780683E-3,7.264879227E0,6.072333813E0,6.000000000E0
9.147332809E0,5.162427649E1,6.974746820E0,3.382099821E1,7.854998779E1,0.000000000E0,0.000000000E0,1.036780683E-3,7.695858002E0,5.975129128E0,6.000000000E0
1.014718651E1,5.162427649E1,6.974746820E0,3.382081510E1,7.854980469E1,0.000000000E0,0.000000000E0,1.036780683E-3,8.165400505E0,5.896524429E0,6.000000000E0
1.114710547E1,5.162427649E1,6.974746820E0,3.382057096E1,7.854956055E1,0.000000000E0,0.000000000E0,1.039819522E-3,8.706789970E0,5.963263035E0,6.000000000E0
1.214651661E1,5.162427647E1,6.974746790E0,3.381776331E1,7.854675293E1,0.000000000E0,0.000000000E0,1.065953502E-3,8.942774773E0,5.861769676E0,6.000000000E0
1.314811005E1,5.162427626E1,6.974746620E0,3.390693518E1,7.863592529E1,0.000000000E0,0.000000000E0,1.078110989E-3,9.065560341E0,5.943139076E0,7.000000000E0
1.414944119E1,5.162427635E1,6.974746720E0,3.387171808E1,7.860070801E1,0.000000000E0,0.000000000E0,1.084188667E-3,1.205648136E1,7.789533615E0,8.000000000E0
1.514979281E1,5.162427639E1,6.974746780E0,3.384754824E1,7.857653809E1,0.000000000E0,0.000000000E0,1.088330560E-3,1.348833466E1,8.448946953E0,8.000000000E0
1.614860562E1,5.162427639E1,6.974746840E0,3.382508725E1,7.855407715E1,0.000000000E0,0.000000000E0,1.095842212E-3,1.477592468E1,8.838486671E0,8.000000000E0
1.715020817E1,5.162427633E1,6.974746790E0,3.384754805E1,7.857653809E1,0.000000000E0,0.000000000E0,1.152852673E-3,1.614180756E1,9.152526855E0,8.000000000E0
1.814706031E1,5.162427643E1,6.974745980E0,3.268000745E1,7.740899658E1,0.000000000E0,0.000000000E0,1.162452938E-3,1.426190567E1,9.129794121E0,8.000000000E0
1.914939791E1,5.162427637E1,6.974745880E0,3.263386477E1,7.736285400E1,0.000000000E0,0.000000000E0,1.170046409E-3,1.699113083E1,1.037507629E1,1.000000000E1
2.014711718E1,5.162427637E1,6.974745770E0,3.261952159E1,7.734851074E1,0.000000000E0,0.000000000E0,1.175004904E-3,1.563163471E1,1.083349991E1,7.000000000E0
2.114652822E1,5.162427638E1,6.974745840E0,3.260444588E1,7.733343506E1,0.000000000E0,0.000000000E0,1.989536672E-3,1.594342995E1,1.106922817E1,7.000000000E0
2.214842088E1,5.162428335E1,6.974742210E0,3.202225488E1,7.675122070E1,0.000000000E0,0.000000000E0,1.996522396E-3,1.099307632E1,1.120494366E1,8.000000000E0
2.314835655E1,5.162428329E1,6.974742180E0,3.198685433E1,7.671582031E1,0.000000000E0,0.000000000E0,2.006903894E-3,1.167447948E1,1.183804321E1,7.000000000E0
2.414885999E1,5.162428338E1,6.974742220E0,3.220578767E1,7.693475342E1,0.000000000E0,0.000000000E0,2.010310419E-3,1.376181412E1,1.363168526E1,8.000000000E0
2.514890322E1,5.162428335E1,6.974742230E0,3.219779197E1,7.692675781E1,0.000000000E0,0.000000000E0,2.037219483E-3,1.343602276E1,1.315323257E1,8.000000000E0
2.614619640E1,5.162428359E1,6.974742280E0,3.200589811E1,7.673486328E1,0.000000000E0,0.000000000E0,2.039837090E-3,1.295629311E1,1.270299816E1,8.000000000E0
2.714751155E1,5.162428357E1,6.974742300E0,3.194760946E1,7.667657471E1,0.000000000E0,0.000000000E0,2.419519988E-3,1.247921848E1,1.198700237E1,9.000000000E0
2.814729061E1,5.162428167E1,6.974746870E0,3.294406038E1,7.767303467E1,0.000000000E0,0.000000000E0,2.424478482E-3,1.374024773E1,1.292484093E1,9.000000000E0
2.914824738E1,5.162428168E1,6.974746940E0,3.290969756E1,7.763867188E1,0.000000000E0,0.000000000E0,2.432762268E-3,1.428297901E1,1.355154705E1,1.000000000E1
3.014840233E1,5.162428168E1,6.974747060E0,3.291287130E1,7.764184570E1,0.000000000E0,0.000000000E0,2.441804995E-3,1.557834053E1,1.413396740E1,1.000000000E1
3.114743874E1,5.162428167E1,6.974747190E0,3.281765633E1,7.754663086E1,0.000000000E0,0.000000000E0,2.531985879E-3,1.685748672E1,1.468144321E1,9.000000000E0
3.214895233E1,5.162428138E1,6.974748410E0,3.286062331E1,7.758959961E1,0.000000000E0,0.000000000E0,2.552128173E-3,1.797041893E1,1.483214760E1,1.000000000E1
3.314997655E1,5.162428136E1,6.974748700E0,3.289193407E1,7.762091064E1,0.000000000E0,0.000000000E0,2.576764082E-3,2.008191681E1,1.517261124E1,1.100000000E1
3.414825337E1,5.162428148E1,6.974748400E0,3.238406111E1,7.711303711E1,0.000000000E0,0.000000000E0,2.802354757E-3,2.265742493E1,1.567071629E1,1.100000000E1
3.514649134E1,5.162428069E1,6.974751410E0,3.292342420E1,7.765240479E1,0.000000000E0,0.000000000E0,2.814107683E-3,2.277415466E1,1.481550598E1,9.000000000E0
3.614782332E1,5.162428074E1,6.974751560E0,3.250917863E1,7.723815918E1,0.000000000E0,0.000000000E0,2.826263040E-3,2.463168526E1,1.443805408E1,9.000000000E0
3.714846009E1,5.162428066E1,6.974751680E0,3.256868758E1,7.729766846E1,0.000000000E0,0.000000000E0,2.845713107E-3,2.437953186E1,1.332119656E1,1.000000000E1
3.814803733E1,5.162428061E1,6.974751950E0,3.251088693E1,7.723986816E1,0.000000000E0,0.000000000E0,2.860485693E-3,2.449863052E1,1.251036930E1,1.000000000E1
3.914709196E1,5.162428072E1,6.974751830E0,3.226345083E1,7.699243164E1,0.000000000E0,0.000000000E0,2.925385022E-3,2.531679344E1,1.180551624E1,1.100000000E1
4.014637774E1,5.162428108E1,6.974751090E0,3.201235381E1,7.674133301E1,0.000000000E0,0.000000000E0,3.005733826E-3,2.495847130E1,1.112239742E1,1.100000000E1
4.115230717E1,5.162428070E1,6.974752080E0,3.261135097E1,7.734033203E1,0.000000000E0,0.000000000E0,3.736653909E-3,2.308464813E1,1.045518398E1,1.100000000E1
4.214888873E1,5.162428696E1,6.974748850E0,3.234641830E1,7.707537842E1,0.000000000E0,0.000000000E0,3.745584137E-3,1.358552361E1,9.463374138E0,1.200000000E1
4.314757681E1,5.162428693E1,6.974748970E0,3.230387662E1,7.703283691E1,0.000000000E0,0.000000000E0,3.870215726E-3,1.185673904E1,8.703333855E0,1.200000000E1
4.414885196E1,5.162428620E1,6.974750340E0,3.368589248E1,7.841485596E1,0.000000000E0,0.000000000E0,3.881968650E-3,1.278243446E1,9.190378189E0,1.100000000E1
4.515291087E1,5.162428625E1,6.974750490E0,3.368522113E1,7.841418457E1,0.000000000E0,0.000000000E0,3.904702432E-3,1.344261169E1,9.234862328E0,1.000000000E1
4.614871509E1,5.162428639E1,6.974750250E0,3.342100053E1,7.814996338E1,0.000000000E0,0.000000000E0,4.038077976E-3,1.269927502E1,8.814462662E0,1.000000000E1
4.714907061E1,5.162428696E1,6.974748550E0,3.345640388E1,7.818536377E1,0.000000000E0,0.000000000E0,4.398180825E-3,1.441272926E1,9.898789406E0,1.000000000E1
4.814770076E1,5.162428525E1,6.974752980E0,3.458597314E1,7.931494141E1,0.000000000E0,0.000000000E0,4.433981908E-3,1.415474033E1,9.875478745E0,9.000000000E0
4.914762930E1,5.162428543E1,6.974752550E0,3.407102038E1,7.879998779E1,0.000000000E0,0.000000000E0,4.436743169E-3,1.653350258E1,1.076648617E1,1.100000000E1
5.014998456E1,5.162428543E1,6.974752590E0,3.412619613E1,7.885516357E1,0.000000000E0,0.000000000E0,4.739956827E-3,1.858581734E1,1.134454918E1,1.100000000E1
5.114862561E1,5.162428399E1,6.974756320E0,3.526663097E1,7.999560547E1,0.000000000E0,0.000000000E0,4.747809648E-3,1.796360016E1,1.226488876E1,1.100000000E1
5.214714535E1,5.162428405E1,6.974756380E0,3.537844751E1,8.010742188E1,0.000000000E0,0.000000000E0,4.755476552E-3,1.880994797E1,1.294613361E1,1.100000000E1
5.314876696E1,5.162428402E1,6.974756480E0,3.533956795E1,8.006854248E1,0.000000000E0,0.000000000E0,4.756588501E-3,1.860112572E1,1.315047646E1,1.000000000E1
5.415026862E1,5.162428403E1,6.974756480E0,3.534731945E1,8.007629395E1,0.000000000E0,0.000000000E0,4.760214769E-3,1.844471550E1,1.315367222E1,9.000000000E0
5.514882342E1,5.162428402E1,6.974756430E0,3.536508068E1,8.009405518E1,0.000000000E0,0.000000000E0,4.768269205E-3,1.884621048E1,1.331778049E1,8.000000000E0
5.614807920E1,5.162428395E1,6.974756400E0,3.539364495E1,8.012261963E1,0.000000000E0,0.000000000E0,4.773871643E-3,1.914143562E1,1.356681156E1,8.000000000E0
5.714796998E1,5.162428390E1,6.974756410E0,3.533456277E1,8.006353760E1,0.000000000E0,0.000000000E0,4.779501588E-3,2.008117104E1,1.409379768E1,9.000000000E0
5.814819836E1,5.162428394E1,6.974756460E0,3.536874253E1,8.009771729E1,0.000000000E0,0.000000000E0,4.780882219E-3,2.132074928E1,1.452447319E1,8.000000000E0
5.915068300E1,5.162428394E1,6.974756440E0,3.532473620E1,8.005371094E1,0.000000000E0,0.000000000E0,4.786200409E-3,2.224879646E1,1.473636150E1,9.000000000E0
6.014623920E1,5.162428391E1,6.974756380E0,3.516512922E1,7.989410400E1,0.000000000E0,0.000000000E0,4.789745870E-3,2.271220970E1,1.467567825E1,8.000000000E0
6.114705493E1,5.162428393E1,6.974756420E0,3.522207505E1,7.995104980E1,0.000000000E0,0.000000000E0,5.459303810E-3,2.164735222E1,1.426829529E1,9.000000000E0
6.214855925E1,5.162428959E1,6.974753110E0,3.485722612E1,7.958618164E1,0.000000000E0,0.000000000E0,5.603581396E-3,1.589060402E1,1.397840500E1,1.000000000E1
6.314944649E1,5.162428890E1,6.974754880E0,3.529948350E1,8.002844238E1,0.000000000E0,0.000000000E0,5.608539890E-3,1.669650459E1,1.437552834E1,9.000000000E0
6.414801446E1,5.162428889E1,6.974754950E0,3.526811134E1,7.999707031E1,0.000000000E0,0.000000000E0,5.612828444E-3,1.768813133E1,1.454182339E1,1.100000000E1
6.514692300E1,5.162428888E1,6.974754890E0,3.532499613E1,8.005395508E1,0.000000000E0,0.000000000E0,5.615157019E-3,1.886765480E1,1.493535233E1,1.000000000E1
6.614975180E1,5.162428886E1,6.974754880E0,3.531938084E1,8.004833984E1,0.000000000E0,0.000000000E0,5.622149155E-3,1.936498260E1,1.494476032E1,1.000000000E1
6.715572029E1,5.162428885E1,6.974754980E0,3.529795740E1,8.002691650E1,0.000000000E0,0.000000000E0,5.624766762E-3,2.017442322E1,1.488844585E1,9.000000000E0
6.814754440E1,5.162428883E1,6.974754960E0,3.526103108E1,7.998999023E1,0.000000000E0,0.000000000E0,5.626147392E-3,2.075230980E1,1.496422386E1,8.000000000E0
6.914784680E1,5.162428883E1,6.974754980E0,3.525987140E1,7.998883057E1,0.000000000E0,0.000000000E0,5.626147392E-3,2.087763214E1,1.464683533E1,8.000000000E0
7.015049284E1,5.162428883E1,6.974754980E0,3.526097003E1,7.998992920E1,0.000000000E0,0.000000000E0,5.628908654E-3,2.096579361E1,1.381113052E1,7.000000000E0
7.114806310E1,5.162428883E1,6.974755020E0,3.526042069E1,7.998937988E1,0.000000000E0,0.000000000E0,5.630979600E-3,2.036120987E1,1.290411472E1,8.000000000E0
7.215528398E1,5.162428883E1,6.974755050E0,3.524803053E1,7.997698975E1,0.000000000E0,0.000000000E0,5.637192438E-3,2.032413673E1,1.213593769E1,8.000000000E0
7.314891909E1,5.162428883E1,6.974755140E0,3.524607733E1,7.997503662E1,0.000000000E0,0.000000000E0,5.643503998E-3,2.090480423E1,1.179717064E1,8.000000000E0
7.414858362E1,5.162428884E1,6.974755230E0,3.523533511E1,7.996429443E1,0.000000000E0,0.000000000E0,5.646542837E-3,2.114119339E1,1.139249992E1,9.000000000E0
7.515009992E1,5.162428886E1,6.974755260E0,3.522263983E1,7.995159912E1,0.000000000E0,0.000000000E0,5.651375044E-3,2.103941727E1,1.148580170E1,7.000000000E0
7.614750768E1,5.162428886E1,6.974755330E0,3.522556947E1,7.995452881E1,0.000000000E0,0.000000000E0,5.654351787E-3,2.319539261E1,1.192075253E1,6.000000000E0
7.714889242E1,5.162428885E1,6.974755370E0,3.525675837E1,7.998571777E1,0.000000000E0,0.000000000E0,5.657390626E-3,2.485702515E1,1.195012760E1,6.000000000E0
7.814766632E1,5.162428883E1,6.974755340E0,3.524638236E1,7.997534180E1,0.000000000E0,0.000000000E0,5.659741210E-3,2.640584564E1,1.208930588E1,7.000000000E0
7.914975018E1,5.162428882E1,6.974755370E0,3.525443895E1,7.998339844E1,0.000000000E0,0.000000000E0,5.660853159E-3,2.567887115E1,1.148866844E1,7.000000000E0
8.014620299E1,5.162428881E1,6.974755370E0,3.524973921E1,7.997869873E1,0.000000000E0,0.000000000E0,5.669211240E-3,2.527601624E1,1.085403538E1,9.000000000E0
8.114689059E1,5.162428880E1,6.974755490E0,3.519120638E1,7.992016602E1,0.000000000E0,0.000000000E0,6.259199774E-3,2.370841217E1,1.059481049E1,9.000000000E0
8.214794096E1,5.162429380E1,6.974752630E0,3.485144060E1,7.958038330E1,0.000000000E0,0.000000000E0,6.259890089E-3,1.490058136E1,9.975953102E0,1.000000000E1
8.314893627E1,5.162429380E1,6.974752640E0,3.485137956E1,7.958032227E1,0.000000000E0,0.000000000E0,6.264848583E-3,1.534817505E1,9.743069649E0,1.000000000E1
8.414757002E1,5.162429381E1,6.974752710E0,3.479748550E1,7.952642822E1,0.000000000E0,0.000000000E0,6.271840717E-3,1.607844353E1,9.901867867E0,8.000000000E0
8.514907773E1,5.162429382E1,6.974752810E0,3.479827891E1,7.952722168E1,0.000000000E0,0.000000000E0,6.280124501E-3,1.783557510E1,1.009356213E1,8.000000000E0
8.615092512E1,5.162429382E1,6.974752930E0,3.475921632E1,7.948815918E1,0.000000000E0,0.000000000E0,6.281897231E-3,1.881954002E1,1.021198273E1,8.000000000E0
8.714822205E1,5.162429381E1,6.974752950E0,3.475085446E1,7.947979736E1,0.000000000E0,0.000000000E0,6.287216624E-3,1.592539692E1,1.058327103E1,8.000000000E0
8.814745788E1,5.162429383E1,6.974753020E0,3.473834226E1,7.946728516E1,0.000000000E0,0.000000000E0,6.288525428E-3,1.533195400E1,1.017787933E1,7.000000000E0
8.915598715E1,5.162429382E1,6.974753030E0,3.474023431E1,7.946917725E1,0.000000000E0,0.000000000E0,6.289906058E-3,1.498255444E1,9.860364914E0,7.000000000E0
9.014705585E1,5.162429382E1,6.974753050E0,3.470733634E1,7.943627930E1,0.000000000E0,0.000000000E0,6.294738265E-3,1.502167892E1,9.796269417E0,9.000000000E0
9.114919898E1,5.162429382E1,6.974753120E0,3.472833239E1,7.945727539E1,0.000000000E0,0.000000000E0,6.295850214E-3,1.520681477E1,1.026402187E1,9.000000000E0
9.214681293E1,5.162429381E1,6.974753120E0,3.473632796E1,7.946527100E1,0.000000000E0,0.000000000E0,6.562528869E-3,1.559869766E1,1.057581425E1,9.000000000E0
9.314773533E1,5.162429468E1,6.974749520E0,3.399792991E1,7.872686768E1,0.000000000E0,0.000000000E0,6.569749401E-3,1.536889839E1,1.088002491E1,9.000000000E0
9.414872960E1,5.162429462E1,6.974749560E0,3.401929201E1,7.874822998E1,0.000000000E0,0.000000000E0,6.577585792E-3,1.518725014E1,1.103058338E1,1.100000000E1
9.514759684E1,5.162429467E1,6.974749640E0,3.400067637E1,7.872961426E1,0.000000000E0,0.000000000E0,6.703890703E-3,1.502429771E1,1.093981743E1,1.100000000E1
9.614870585E1,5.162429425E1,6.974751340E0,3.435589847E1,7.908483887E1,0.000000000E0,0.000000000E0,6.709762509E-3,1.480627346E1,1.087494183E1,9.000000000E0
9.714809715E1,5.162429428E1,6.974751270E0,3.437597918E1,7.910491943E1,0.000000000E0,0.000000000E0,6.710874458E-3,1.452298355E1,1.082239342E1,9.000000000E0
9.814862314E1,5.162429427E1,6.974751270E0,3.438226577E1,7.911120605E1,0.000000000E0,0.000000000E0,6.711986407E-3,1.451996803E1,1.072213078E1,9.000000000E0
9.914760158E1,5.162429426E1,6.974751270E0,3.439245861E1,7.912139893E1,0.000000000E0,0.000000000E0,6.717508929E-3,1.448073483E1,1.066197205E1,9.000000000E0
1.001460294E2,5.162429426E1,6.974751190E0,3.439148211E1,7.912042236E1,0.000000000E0,0.000000000E0,6.719732828E-3,1.479021835E1,1.099323559E1,8.000000000E0
1.011473450E2,5.162429424E1,6.974751190E0,3.439514416E1,7.912408447E1,0.000000000E0,0.000000000E0,7.211571031E-3,1.474260139E1,1.077371597E1,8.000000000E0
1.021487057E2,5.162429842E1,6.974748860E0,3.412678669E1,7.885571289E1,0.000000000E0,0.000000000E0,7.214188638E-3,1.349071598E1,1.090188313E1,9.000000000E0
1.031480341E2,5.162429840E1,6.974748840E0,3.414424270E1,7.887316895E1,0.000000000E0,0.000000000E0,7.214878953E-3,1.379087543E1,1.096795940E1,8.000000000E0
1.041495121E2,5.162429840E1,6.974748830E0,3.416023392E1,7.888916016E1,0.000000000E0,0.000000000E0,7.219326750E-3,1.400952721E1,1.084029198E1,7.000000000E0
1.051545506E2,5.162429836E1,6.974748830E0,3.410493595E1,7.883386230E1,0.000000000E0,0.000000000E0,7.222662598E-3,1.447016335E1,1.141711807E1,7.000000000E0
1.061463819E2,5.162429839E1,6.974748830E0,3.413685743E1,7.886578369E1,0.000000000E0,0.000000000E0,7.225998446E-3,1.475348568E1,1.136543941E1,7.000000000E0
1.071487543E2,5.162429836E1,6.974748830E0,3.414882023E1,7.887774658E1,0.000000000E0,0.000000000E0,7.258343694E-3,1.500537395E1,1.107533360E1,7.000000000E0
1.081474481E2,5.162429846E1,6.974748390E0,3.408986089E1,7.881878662E1,0.000000000E0,0.000000000E0,7.259724324E-3,1.474557495E1,1.077199078E1,6.000000000E0
1.091501927E2,5.162429846E1,6.974748410E0,3.409663578E1,7.882556152E1,0.000000000E0,0.000000000E0,7.307558071E-3,1.476625824E1,1.041610241E1,7.000000000E0
1.101483106E2,5.162429803E1,6.974748390E0,3.423982300E1,7.896875000E1,0.000000000E0,0.000000000E0,7.308248386E-3,1.487833691E1,9.958815575E0,8.000000000E0
1.111481971E2,5.162429803E1,6.974748400E0,3.424476684E1,7.897369385E1,0.000000000E0,0.000000000E0,7.310598971E-3,1.465748978E1,9.208446503E0,1.000000000E1
1.121466690E2,5.162429802E1,6.974748430E0,3.426503046E1,7.899395752E1,0.000000000E0,0.000000000E0,7.314929379E-3,1.467580891E1,9.035126686E0,1.000000000E1
1.131486783E2,5.162429799E1,6.974748470E0,3.427644391E1,7.900537109E1,0.000000000E0,0.000000000E0,7.328900827E-3,1.470355511E1,9.021256447E0,1.000000000E1
1.141487721E2,5.162429787E1,6.974748410E0,3.427418530E1,7.900311279E1,0.000000000E0,0.000000000E0,7.330673557E-3,1.508141804E1,9.973961830E0,1.100000000E1
1.151489048E2,5.162429786E1,6.974748430E0,3.427259834E1,7.900152588E1,0.000000000E0,0.000000000E0,7.334815449E-3,1.583232594E1,1.081114769E1,9.000000000E0
1.161480516E2,5.162429786E1,6.974748490E0,3.427857974E1,7.900750732E1,0.000000000E0,0.000000000E0,7.340687254E-3,1.750187111E1,1.170414066E1,8.000000000E0
1.171547888E2,5.162429783E1,6.974748560E0,3.428779591E1,7.901672363E1,0.000000000E0,0.000000000E0,7.344975807E-3,1.763716698E1,1.152807426E1,6.000000000E0
1.181542567E2,5.162429784E1,6.974748500E0,3.427461239E1,7.900354004E1,0.000000000E0,0.000000000E0,7.351519825E-3,1.755209541E1,1.148505688E1,6.000000000E0
1.191494652E2,5.162429789E1,6.974748550E0,3.427473457E1,7.900366211E1,0.000000000E0,0.000000000E0,7.361551149E-3,1.848950005E1,1.184862900E1,7.000000000E0
1.201457647E2,5.162429780E1,6.974748540E0,3.427827435E1,7.900720215E1,0.000000000E0,0.000000000E0,7.368536872E-3,1.779908180E1,1.173001385E1,6.000000000E0
1.211481096E2,5.162429774E1,6.974748570E0,3.428449974E1,7.901342773E1,0.000000000E0,0.000000000E0,7.857396615E-3,1.856525803E1,1.175685120E1,8.000000000E0
1.221488013E2,5.162430197E1,6.974746640E0,3.393008255E1,7.865899658E1,0.000000000E0,0.000000000E0,7.861727024E-3,1.406721020E1,1.119258785E1,8.000000000E0
1.231506755E2,5.162430200E1,6.974746680E0,3.395675498E1,7.868566895E1,0.000000000E0,0.000000000E0,7.863035827E-3,1.413121223E1,1.065208435E1,9.000000000E0
1.241485229E2,5.162430201E1,6.974746690E0,3.395736535E1,7.868627930E1,0.000000000E0,0.000000000E0,7.864416457E-3,1.387543392E1,1.043104553E1,9.000000000E0
1.251477800E2,5.162430201E1,6.974746710E0,3.399172813E1,7.872064209E1,0.000000000E0,0.000000000E0,7.868917506E-3,1.410916233E1,1.038826561E1,8.000000000E0
1.261485272E2,5.162430197E1,6.974746700E0,3.401370067E1,7.874261475E1,0.000000000E0,0.000000000E0,7.871141404E-3,1.473242855E1,1.068009949E1,8.000000000E0
1.271484446E2,5.162430195E1,6.974746700E0,3.402499212E1,7.875390625E1,0.000000000E0,0.000000000E0,7.875589200E-3,1.505858040E1,1.076483917E1,6.000000000E0
1.281488892E2,5.162430199E1,6.974746700E0,3.402548052E1,7.875439453E1,0.000000000E0,0.000000000E0,7.879199467E-3,1.578041553E1,1.106666660E1,7.000000000E0
1.291479107E2,5.162430196E1,6.974746720E0,3.398293891E1,7.871185303E1,0.000000000E0,0.000000000E0,7.883341357E-3,1.693618584E1,1.149981689E1,6.000000000E0
1.301571947E2,5.162430196E1,6.974746660E0,3.400796337E1,7.873687744E1,0.000000000E0,0.000000000E0,7.885958964E-3,1.879797554E1,1.210661983E1,6.000000000E0
1.311502666E2,5.162430194E1,6.974746640E0,3.401669135E1,7.874560547E1,0.000000000E0,0.000000000E0,7.929808649E-3,2.132834053E1,1.273002243E1,7.000000000E0
1.321494662E2,5.162430205E1,6.974746030E0,3.389883325E1,7.862774658E1,0.000000000E0,0.000000000E0,7.931117451E-3,1.843500137E1,1.243249512E1,7.000000000E0
1.331472902E2,5.162430204E1,6.974746020E0,3.390530295E1,7.863421631E1,0.000000000E0,0.000000000E0,7.962374236E-3,1.862452698E1,1.225384808E1,8.000000000E0
1.341553305E2,5.162430232E1,6.974746060E0,3.385696391E1,7.858587646E1,0.000000000E0,0.000000000E0,7.963683039E-3,1.673281670E1,1.135362053E1,8.000000000E0
1.351527155E2,5.162430231E1,6.974746070E0,3.383322119E1,7.856213379E1,0.000000000E0,0.000000000E0,8.065828973E-3,1.606391525E1,1.076686859E1,9.000000000E0
1.361558314E2,5.162430186E1,6.974747360E0,3.419119009E1,7.892010498E1,0.000000000E0,0.000000000E0,8.068179557E-3,1.466061020E1,9.575658798E0,9.000000000E0
1.371494585E2,5.162430187E1,6.974747330E0,3.418319453E1,7.891210938E1,0.000000000E0,0.000000000E0,8.070250502E-3,1.400217533E1,8.572321892E0,1.000000000E1
1.381498758E2,5.162430187E1,6.974747360E0,3.415249383E1,7.888140869E1,0.000000000E0,0.000000000E0,8.078086893E-3,1.430637169E1,8.789160728E0,1.000000000E1
1.391485935E2,5.162430182E1,6.974747440E0,3.410751071E1,7.883642578E1,0.000000000E0,0.000000000E0,8.082228783E-3,1.529179764E1,9.799105644E0,8.000000000E0
1.401455716E2,5.162430182E1,6.974747500E0,3.412899504E1,7.885791016E1,0.000000000E0,0.000000000E0,8.087831221E-3,1.665350533E1,1.077751827E1,8.000000000E0
1.411459612E2,5.162430187E1,6.974747490E0,3.412667586E1,7.885559082E1,0.000000000E0,0.000000000E0,8.388711768E-3,1.815137482E1,1.161703682E1,7.000000000E0
1.421479808E2,5.162430448E1,6.974746340E0,3.397568347E1,7.870458984E1,0.000000000E0,0.000000000E0,8.389402083E-3,1.462041950E1,1.212894249E1,7.000000000E0
1.431491464E2,5.162430448E1,6.974746350E0,3.397611071E1,7.870501709E1,0.000000000E0,0.000000000E0,8.434303606E-3,1.391833878E1,1.170745277E1,7.000000000E0
1.441496136E2,5.162430431E1,6.974746940E0,3.406277968E1,7.879168701E1,0.000000000E0,0.000000000E0,8.434303606E-3,1.405583000E1,1.199732685E1,7.000000000E0
1.451487911E2,5.162430431E1,6.974746940E0,3.406638076E1,7.879528809E1,0.000000000E0,0.000000000E0,8.453219344E-3,1.423941040E1,1.205808544E1,9.000000000E0
1.461474479E2,5.162430448E1,6.974746930E0,3.405570012E1,7.878460693E1,0.000000000E0,0.000000000E0,8.462082992E-3,1.448209286E1,1.218709946E1,1.000000000E1
1.471502199E2,5.162430443E1,6.974747030E0,3.402402265E1,7.875292969E1,0.000000000E0,0.000000000E0,8.463391796E-3,1.467479992E1,1.214319897E1,1.100000000E1
1.481492493E2,5.162430444E1,6.974747020E0,3.398203050E1,7.871093750E1,0.000000000E0,0.000000000E0,8.465720370E-3,1.466012478E1,1.198631477E1,1.100000000E1
1.491491659E2,5.162430446E1,6.974747010E0,3.397226494E1,7.870117188E1,0.000000000E0,0.000000000E0,8.466410685E-3,1.417876816E1,1.081416512E1,1.100000000E1
1.501470743E2,5.162430446E1,6.974747000E0,3.398825616E1,7.871716309E1,0.000000000E0,0.000000000E0,8.469449523E-3,1.347246456E1,9.873201370E0,1.100000000E1
1.511486559E2,5.162430444E1,6.974747030E0,3.399326096E1,7.872216797E1,0.000000000E0,0.000000000E0,8.472994983E-3,1.324990940E1,9.328304291E0,1.000000000E1
1.521487113E2,5.162430442E1,6.974747070E0,3.401254798E1,7.874145508E1,0.000000000E0,0.000000000E0,8.475971724E-3,1.305371189E1,8.981753349E0,9.000000000E0
1.531488683E2,5.162430441E1,6.974747030E0,3.403403235E1,7.876293945E1,0.000000000E0,0.000000000E0,8.478322308E-3,1.288528442E1,8.760938644E0,8.000000000E0
1.541478011E2,5.162430442E1,6.974747060E0,3.402884437E1,7.875775146E1,0.000000000E0,0.000000000E0,8.481658157E-3,1.271028328E1,8.577844620E0,9.000000000E0
1.551495496E2,5.162430439E1,6.974747060E0,3.403110259E1,7.876000977E1,0.000000000E0,0.000000000E0,8.511409109E-3,1.286352062E1,8.732845306E0,9.000000000E0
1.561490100E2,5.162430445E1,6.974746640E0,3.398056597E1,7.870947266E1,0.000000000E0,0.000000000E0,8.512717912E-3,1.304552364E1,8.849830627E0,8.000000000E0
1.571487469E2,5.162430444E1,6.974746630E0,3.398178665E1,7.871069336E1,0.000000000E0,0.000000000E0,8.526899750E-3,1.318986034E1,8.779731750E0,1.000000000E1
1.581488497E2,5.162430452E1,6.974746790E0,3.384696011E1,7.857586670E1,0.000000000E0,0.000000000E0,8.530235598E-3,1.320419502E1,8.826251984E0,1.000000000E1
1.591482172E2,5.162430449E1,6.974746790E0,3.383969683E1,7.856860352E1,0.000000000E0,0.000000000E0,8.536834466E-3,1.359065628E1,9.126525879E0,1.100000000E1
1.601497261E2,5.162430447E1,6.974746700E0,3.387882038E1,7.860772705E1,0.000000000E0,0.000000000E0,8.538143269E-3,1.342281723E1,9.653918266E0,1.000000000E1
1.611476693E2,5.162430448E1,6.974746710E0,3.387491415E1,7.860382080E1,0.000000000E0,0.000000000E0,8.881963836E-3,1.279117870E1,9.185314178E0,1.000000000E1
1.621488775E2,5.162430744E1,6.974745270E0,3.373240690E1,7.846130371E1,0.000000000E0,0.000000000E0,8.885509295E-3,1.202339840E1,8.999488831E0,1.200000000E1
1.631477573E2,5.162430746E1,6.974745230E0,3.374205054E1,7.847094727E1,0.000000000E0,0.000000000E0,8.888126902E-3,1.207666302E1,8.930852890E0,1.000000000E1
1.641490335E2,5.162430748E1,6.974745250E0,3.374015850E1,7.846905518E1,0.000000000E0,0.000000000E0,8.888126902E-3,1.217454529E1,9.103056908E0,1.000000000E1
1.651486731E2,5.162430748E1,6.974745250E0,3.374015850E1,7.846905518E1,0.000000000E0,0.000000000E0,8.891533428E-3,1.250161552E1,9.360638618E0,9.000000000E0
1.661504194E2,5.162430751E1,6.974745240E0,3.375315908E1,7.848205566E1,0.000000000E0,0.000000000E0,8.892842231E-3,1.264190865E1,9.544671059E0,9.000000000E0
1.671492002E2,5.162430750E1,6.974745230E0,3.375547840E1,7.848437500E1,0.000000000E0,0.000000000E0,8.896452497E-3,1.291956329E1,9.702209473E0,9.000000000E0
1.681490632E2,5.162430747E1,6.974745250E0,3.373869362E1,7.846759033E1,0.000000000E0,0.000000000E0,8.897142812E-3,1.300470257E1,9.978388786E0,7.000000000E0
1.691488989E2,5.162430747E1,6.974745240E0,3.373912088E1,7.846801758E1,0.000000000E0,0.000000000E0,8.912394508E-3,1.334238243E1,1.015632915E1,7.000000000E0
1.701478697E2,5.162430754E1,6.974745430E0,3.358677719E1,7.831567383E1,0.000000000E0,0.000000000E0,8.913775138E-3,1.306977940E1,9.831782341E0,7.000000000E0
1.711481068E2,5.162430754E1,6.974745450E0,3.357902571E1,7.830792236E1,0.000000000E0,0.000000000E0,8.919334885E-3,1.283595371E1,9.387170792E0,8.000000000E0
1.721477656E2,5.162430759E1,6.974745450E0,3.359751951E1,7.832641602E1,0.000000000E0,0.000000000E0,8.920025200E-3,1.312130165E1,9.745571136E0,8.000000000E0
1.731489386E2,5.162430759E1,6.974745460E0,3.359037839E1,7.831927490E1,0.000000000E0,0.000000000E0,8.921334003E-3,1.335373878E1,1.005604076E1,9.000000000E0
1.741478563E2,5.162430758E1,6.974745450E0,3.359257564E1,7.832147217E1,0.000000000E0,0.000000000E0,8.922024318E-3,1.368910503E1,1.032304478E1,1.000000000E1
1.751475819E2,5.162430758E1,6.974745440E0,3.359483394E1,7.832373047E1,0.000000000E0,0.000000000E0,8.924641925E-3,1.323272991E1,9.463015556E0,1.000000000E1
1.761476407E2,5.162430760E1,6.974745420E0,3.362156742E1,7.835046387E1,0.000000000E0,0.000000000E0,8.930244363E-3,1.312062454E1,9.113300323E0,1.000000000E1
1.771486099E2,5.162430765E1,6.974745410E0,3.366001972E1,7.838891602E1,0.000000000E0,0.000000000E0,8.934745410E-3,1.283795071E1,8.820265770E0,9.000000000E0
1.781484427E2,5.162430761E1,6.974745420E0,3.365898200E1,7.838787842E1,0.000000000E0,0.000000000E0,8.938355677E-3,1.284885883E1,8.618533134E0,9.000000000E0
1.791490560E2,5.162430758E1,6.974745440E0,3.362669430E1,7.835559082E1,0.000000000E0,0.000000000E0,8.942461660E-3,1.268201542E1,8.338113785E0,9.000000000E0
1.801489725E2,5.162430756E1,6.974745390E0,3.363462884E1,7.836352539E1,0.000000000E0,0.000000000E0,8.948021406E-3,1.280268002E1,8.265802383E0,9.000000000E0
1.811500355E2,5.162430751E1,6.974745390E0,3.361070292E1,7.833959961E1,0.000000000E0,0.000000000E0,9.215675874E-3,1.287809849E1,8.276281357E0,9.000000000E0
1.821500291E2,5.162430982E1,6.974744300E0,3.348619885E1,7.821508789E1,0.000000000E0,0.000000000E0,9.219221334E-3,1.214872360E1,7.947323322E0,9.000000000E0
1.831503614E2,5.162430984E1,6.974744260E0,3.345793966E1,7.818682861E1,0.000000000E0,0.000000000E0,9.314381132E-3,1.253476524E1,8.269620895E0,1.000000000E1
1.841473078E2,5.162431025E1,6.974743050E0,3.316540028E1,7.789428711E1,0.000000000E0,0.000000000E0,9.317142392E-3,1.270147610E1,8.156248093E0,9.000000000E0
1.851469894E2,5.162431025E1,6.974743010E0,3.316088371E1,7.788977051E1,0.000000000E0,0.000000000E0,9.317142392E-3,1.291330910E1,8.097889900E0,9.000000000E0
1.861480248E2,5.162431025E1,6.974743010E0,3.316088371E1,7.788977051E1,0.000000000E0,0.000000000E0,9.317142392E-3,1.340519238E1,8.134391785E0,9.000000000E0
1.871480157E2,5.162431025E1,6.974743010E0,3.316088371E1,7.788977051E1,0.000000000E0,0.000000000E0,9.317142392E-3,1.401107883E1,8.175302505E0,9.000000000E0
1.881457070E2,5.162431025E1,6.974743010E0,3.316088371E1,7.788977051E1,0.000000000E0,0.000000000E0,9.319470967E-3,1.456688976E1,8.026221275E0,8.000000000E0
1.891490311E2,5.162431027E1,6.974743020E0,3.315801511E1,7.788690186E1,0.000000000E0,0.000000000E0,9.319470967E-3,1.567712498E1,8.484292030E0,6.000000000E0
1.901491303E2,5.162431027E1,6.974743020E0,3.315801511E1,7.788690186E1,0.000000000E0,0.000000000E0,9.320161282E-3,1.897974396E1,9.473705292E0,5.000000000E0
1.911473649E2,5.162431027E1,6.974743030E0,3.315972408E1,7.788861084E1,0.000000000E0,0.000000000E0,9.320161282E-3,2.442875290E1,1.132363224E1,2.000000000E0
1.921504325E2,5.162431027E1,6.974743030E0,3.315972408E1,7.788861084E1,0.000000000E0,0.000000000E0,9.320161282E-3,3.189047432E1,1.337752914E1,2.000000000E0
1.931474915E2,5.162431027E1,6.974743030E0,3.315874752E1,7.788763428E1,0.000000000E0,0.000000000E0,9.320851597E-3,4.060005188E1,1.563075733E1,2.000000000E0
1.941486799E2,5.162431027E1,6.974743020E0,3.316277585E1,7.789166260E1,0.000000000E0,0.000000000E0,9.320851597E-3,5.005640411E1,1.807674980E1,3.000000000E0
1.951502410E2,5.162431027E1,6.974743020E0,3.316289792E1,7.789178467E1,0.000000000E0,0.000000000E0,9.322232227E-3,5.580922318E1,1.899821091E1,4.000000000E0
1.961492840E2,5.162431027E1,6.974743000E0,3.315813719E1,7.788702393E1,0.000000000E0,0.000000000E0,9.322922542E-3,5.147523499E1,1.741973686E1,4.000000000E0
1.971476621E2,5.162431027E1,6.974742990E0,3.315709960E1,7.788598633E1,0.000000000E0,0.000000000E0,9.322922542E-3,4.794181061E1,1.555607986E1,7.000000000E0
1.981485716E2,5.162431027E1,6.974742990E0,3.315709960E1,7.788598633E1,0.000000000E0,0.000000000E0,9.322922542E-3,4.868873596E1,1.467348480E1,7.000000000E0
1.991487391E2,5.162431027E1,6.974742990E0,3.315709960E1,7.788598633E1,0.000000000E0,0.000000000E0,9.322922542E-3,4.971033478E1,1.394827652E1,7.000000000E0
2.001479045E2,5.162431027E1,6.974742990E0,3.315709960E1,7.788598633E1,0.000000000E0,0.000000000E0,9.322922542E-3,5.303026962E1,1.388775253E1,6.000000000E0
2.011466678E2,5.162431027E1,6.974742990E0,3.315709960E1,7.788598633E1,0.000000000E0,0.000000000E0,1.568785998E-2,5.949157715E1,1.457669449E1,5.000000000E0
2.021487898E2,5.162436530E1,6.974717610E0,3.598693237E1,8.071563721E1,3.899999857E-1,6.699999809E0,1.640092511E-2,2.974069023E1,1.753640747E1,4.000000000E0
2.031482949E2,5.162436360E1,6.974707650E0,3.592034544E1,8.064904785E1,3.600000143E-1,6.699999809E0,2.258497493E-2,3.700167847E1,2.069416428E1,4.000000000E0
2.061469965E2,5.162431227E1,6.974742130E0,3.304767013E1,7.777655029E1,0.000000000E0,0.000000000E0,2.258566524E-2,6.813088989E1,3.103179169E1,0.000000000E0
2.071496056E2,5.162431227E1,6.974742120E0,3.304596115E1,7.777484131E1,0.000000000E0,0.000000000E0,2.271655838E-2,8.090389252E1,3.463607788E1,2.000000000E0
2.081484384E2,5.162431285E1,6.974740470E0,3.262335668E1,7.735223389E1,0.000000000E0,0.000000000E0,2.271793901E-2,8.176379395E1,3.357443619E1,3.000000000E0
2.091474442E2,5.162431285E1,6.974740490E0,3.262671360E1,7.735559082E1,0.000000000E0,0.000000000E0,2.271793901E-2,7.828208923E1,3.006701279E1,5.000000000E0
2.101460641E2,5.162431285E1,6.974740490E0,3.262671360E1,7.735559082E1,0.000000000E0,0.000000000E0,2.271793901E-2,8.374834442E1,2.971431732E1,5.000000000E0
2.111469784E2,5.162431285E1,6.974740490E0,3.262671360E1,7.735559082E1,0.000000000E0,0.000000000E0,2.271793901E-2,8.960568237E1,2.942744827E1,5.000000000E0
2.121458989E2,5.162431285E1,6.974740490E0,3.262671360E1,7.735559082E1,0.000000000E0,0.000000000E0,2.271793901E-2,9.582943726E1,2.919864845E1,5.000000000E0
2.131477380E2,5.162431285E1,6.974740490E0,3.262671360E1,7.735559082E1,0.000000000E0,0.000000000E0,4.538179405E-2,1.172317810E2,3.322448349E1,4.000000000E0
2.141461627E2,5.162450250E1,6.974620210E0,3.523631277E1,7.996453857E1,1.129999995E0,3.361000061E2,4.979378576E-2,1.431343079E2,3.726958847E1,3.000000000E0
2.151483115E2,5.162454023E1,6.974639990E0,3.527803562E1,8.000616455E1,1.309999943E0,3.471000061E2,7.600770693E-2,1.613206329E2,4.128106308E1,3.000000000E0
2.181466055E2,5.162431288E1,6.974740440E0,3.260046861E1,7.732934570E1,0.000000000E0,0.000000000E0,7.601005751E-2,2.429206696E2,5.267538834E1,0.000000000E0
2.191469004E2,5.162431289E1,6.974740410E0,3.260577872E1,7.733465576E1,0.000000000E0,0.000000000E0,7.601074783E-2,2.515772858E2,5.615225220E1,2.000000000E0
2.201462255E2,5.162431289E1,6.974740420E0,3.260626699E1,7.733514404E1,0.000000000E0,0.000000000E0,7.621913665E-2,2.637043762E2,5.948099899E1,3.000000000E0
2.221469664E2,5.162431471E1,6.974739700E0,3.251227878E1,7.724114990E1,0.000000000E0,0.000000000E0,7.621913665E-2,1.310529022E2,6.552555084E1,0.000000000E0
2.231475487E2,5.162431471E1,6.974739700E0,3.251227878E1,7.724114990E1,0.000000000E0,0.000000000E0,7.621913665E-2,1.441721954E2,6.823623657E1,3.000000000E0
2.241482754E2,5.162431471E1,6.974739700E0,3.251227878E1,7.724114990E1,0.000000000E0,0.000000000E0,8.789920513E-2,1.588868561E2,7.074021912E1,3.000000000E0
2.251464868E2,5.162441927E1,6.974723520E0,3.489077422E1,7.961932373E1,1.800000072E-1,3.577999878E2,9.950559217E-2,1.770748444E2,7.304460907E1,2.000000000E0
2.301476147E2,5.162431527E1,6.974737830E0,3.111152500E1,7.584039307E1,0.000000000E0,0.000000000E0,1.274987125E-1,2.413077545E2,7.946256256E1,0.000000000E0
2.311457889E2,5.162442677E1,6.974374260E0,3.576276202E1,8.049102783E1,3.230000019E0,2.871000061E2,1.388417659E-1,8.899921417E1,3.819806671E1,3.000000000E0
2.321455156E2,5.162451749E1,6.974299120E0,3.821596766E1,8.294390869E1,3.519999981E0,3.100000000E2,1.458715008E-1,3.947963715E1,2.536150932E1,1.000000000E1
2.331451307E2,5.162454594E1,6.974390060E0,3.097336903E1,7.570129395E1,3.339999914E0,3.146000061E2,1.544319175E-1,3.270826340E1,1.952475548E1,1.000000000E1
2.341461187E2,5.162461544E1,6.974443400E0,3.031850551E1,7.504626465E1,2.900000095E0,3.422999878E2,1.598032446E-1,2.848535538E1,1.636631393E1,1.000000000E1
2.351494648E2,5.162457153E1,6.974475830E0,2.749455976E1,7.222247314E1,1.409999967E0,3.820000076E1,1.622854915E-1,2.016693497E1,1.446776390E1,1.000000000E1
2.361488110E2,5.162459343E1,6.974482800E0,3.004765891E1,7.477551270E1,1.169999957E0,1.548999939E2,1.630276287E-1,1.542599106E1,1.307836628E1,1.100000000E1
2.371486045E2,5.162459801E1,6.974490620E0,3.028948791E1,7.501733398E1,1.049999952E0,1.698999939E2,1.646182079E-1,1.444168758E1,1.217031860E1,1.300000000E1
2.381516249E2,5.162460175E1,6.974512860E0,3.068566152E1,7.541351318E1,1.870000005E0,1.731999969E2,1.676846043E-1,1.346663094E1,1.132294369E1,1.300000000E1
2.391462646E2,5.162459593E1,6.974556280E0,3.426257712E1,7.899047852E1,2.230000019E0,1.738000031E2,1.715121934E-1,1.285836220E1,1.088325310E1,1.200000000E1
2.401476320E2,5.162457632E1,6.974601850E0,3.586416953E1,8.059216309E1,2.380000114E0,1.733999939E2,1.754217071E-1,1.239000511E1,1.029421043E1,1.200000000E1
2.411479943E2,5.162455785E1,6.974650040E0,3.743487957E1,8.216296387E1,2.559999943E0,1.730000000E2,1.791923592E-1,1.165504074E1,9.727149010E0,1.200000000E1
2.421468032E2,5.162453940E1,6.974695870E0,3.782370666E1,8.255187988E1,2.680000067E0,1.730000000E2,1.824316145E-1,1.118017673E1,9.317489624E0,1.000000000E1
2.431500842E2,5.162453001E1,6.974740290E0,3.689243223E1,8.162066650E1,2.910000086E0,1.726000061E2,1.863354871E-1,1.046371746E1,8.573757172E0,1.000000000E1
2.441514550E2,5.162451768E1,6.974793240E0,3.841420667E1,8.314251709E1,3.509999990E0,1.721999969E2,1.901841401E-1,1.003311634E1,8.298348427E0,9.000000000E0
2.451492956E2,5.162451056E1,6.974847800E0,3.886330246E1,8.359167480E1,3.759999990E0,1.720000000E2,1.940464934E-1,9.646275520E0,8.150403976E0,8.000000000E0
2.461567519E2,5.162451075E1,6.974903750E0,4.065751163E1,8.538592529E1,3.859999895E0,1.716999969E2,1.983082595E-1,1.136482620E1,9.383816719E0,1.000000000E1
2.471471750E2,5.162448733E1,6.974952620E0,4.374950776E1,8.847802734E1,3.880000114E0,1.715000000E2,2.024632126E-1,1.126327324E1,9.392275810E0,1.000000000E1
2.481462924E2,5.162446544E1,6.975001400E0,4.355214082E1,8.828076172E1,3.890000105E0,1.708000031E2,2.062393475E-1,1.142433548E1,8.958896637E0,1.300000000E1
2.491472939E2,5.162444792E1,6.975048260E0,4.355925602E1,8.828796387E1,3.880000114E0,1.710000000E2,2.099974516E-1,1.181838989E1,8.762608528E0,1.300000000E1
2.501469322E2,5.162443365E1,6.975097610E0,4.397909871E1,8.870788574E1,3.900000095E0,1.703999939E2,2.142037079E-1,1.136660194E1,8.259795189E0,1.200000000E1
2.511474970E2,5.162440754E1,6.975141700E0,4.685984778E1,9.158874512E1,3.890000105E0,1.705000000E2,2.176077957E-1,1.140068722E1,8.056342125E0,1.200000000E1
2.521527331E2,5.162438420E1,6.975173610E0,4.902607560E1,9.375506592E1,2.619999886E0,1.701000061E2,2.196288310E-1,1.060480022E1,7.669606209E0,1.300000000E1
2.531484987E2,5.162437465E1,6.975198520E0,5.076150231E1,9.549053955E1,1.480000019E0,1.696999969E2,2.218551980E-1,1.029106617E1,7.446317673E0,1.300000000E1
2.541536114E2,5.162438270E1,6.975228050E0,4.856863294E1,9.329766846E1,9.700000286E-1,1.686999969E2,2.233858965E-1,1.061647892E1,7.638684750E0,1.200000000E1
2.551472274E2,5.162438886E1,6.975247880E0,4.976230087E1,9.449133301E1,8.299999833E-1,1.675000000E2,2.244532819E-1,1.046238613E1,7.467650890E0,1.200000000E1
2.561490428E2,5.162439138E1,6.975262800E0,5.114535380E1,9.587438965E1,8.199999928E-1,1.688999939E2,2.255596642E-1,1.058853912E1,7.564013004E0,1.300000000E1
2.571470057E2,5.162438395E1,6.975273460E0,5.185076816E1,9.657983398E1,8.999999762E-1,1.685000000E2,2.262257462E-1,1.078713894E1,7.656102180E0,1.300000000E1
2.581464625E2,5.162438252E1,6.975282830E0,5.279069832E1,9.751977539E1,7.699999809E-1,1.683000031E2,2.269532894E-1,1.111195278E1,7.700971603E0,1.300000000E1
2.591471807E2,5.162437709E1,6.975288710E0,5.415640050E1,9.888549805E1,8.000000119E-1,1.678999939E2,2.281507734E-1,1.074484348E1,7.467510700E0,1.300000000E1
2.601482189E2,5.162436900E1,6.975300160E0,5.460100909E1,9.933013916E1,1.120000005E0,1.675000000E2,2.303757284E-1,1.039775085E1,7.134724140E0,1.300000000E1
2.611493060E2,5.162435753E1,6.975326570E0,5.425342118E1,9.898260498E1,2.220000029E0,1.671000061E2,2.338062799E-1,1.025024796E1,6.953325272E0,1.300000000E1
2.621468088E2,5.162433459E1,6.975359800E0,5.578189285E1,1.005111694E2,3.500000000E0,1.666999969E2,2.382252450E-1,1.010503578E1,6.793286800E0,1.300000000E1
2.631463392E2,5.162431729E1,6.975417430E0,5.768487466E1,1.024142456E2,4.099999905E0,1.209000015E2,2.438103253E-1,8.732351303E0,6.411587238E0,1.200000000E1
2.641466944E2,5.162429859E1,6.975492520E0,5.677778065E1,1.015072632E2,4.289999962E0,1.205999985E2,2.546267016E-1,8.006023407E0,5.998141766E0,1.300000000E1
2.651471491E2,5.162421860E1,6.975581680E0,5.505775053E1,9.978753662E1,6.309999943E0,1.311999969E2,2.585329272E-1,7.672276020E0,6.106999397E0,1.400000000E1
2.661464122E2,5.162423468E1,6.975631990E0,5.688313888E1,1.016129150E2,4.940000057E0,1.201999969E2,2.644829383E-1,6.447126389E0,5.336987972E0,1.400000000E1
2.671466450E2,5.162420445E1,6.975703110E0,5.755993705E1,1.022898560E2,6.849999905E0,1.200999985E2,2.833515348E-1,6.450523376E0,4.925686359E0,1.500000000E1
2.681492849E2,5.162406461E1,6.975857940E0,5.636598671E1,1.010964355E2,1.576000023E1,1.436999969E2,2.967186675E-1,5.667704105E0,4.785466194E0,1.600000000E1
2.691557901E2,5.162395936E1,6.975951500E0,5.513403768E1,9.986486816E1,1.328999996E1,1.498000031E2,3.105048095E-1,5.528289795E0,4.671924591E0,1.500000000E1
2.701484455E2,5.162385301E1,6.976054150E0,5.551279634E1,1.002440186E2,1.327000046E1,1.500000000E2,3.252816771E-1,6.308379650E0,4.881485939E0,1.400000000E1
2.711479606E2,5.162373840E1,6.976162500E0,5.601860147E1,1.007502441E2,1.398999977E1,1.493999939E2,3.310474830E-1,7.217119694E0,4.633512497E0,1.500000000E1
2.721479950E2,5.162370139E1,6.976221000E0,5.588703939E1,1.006188354E2,8.229999542E0,1.465000000E2,3.373398758E-1,7.746113777E0,4.553185463E0,1.600000000E1
2.731540597E2,5.162368118E1,6.976306140E0,5.630677662E1,1.010386963E2,6.320000172E0,1.533999939E2,3.402820776E-1,8.293084145E0,4.591204166E0,1.600000000E1
2.741485832E2,5.162368259E1,6.976348700E0,5.638108974E1,1.011130371E2,4.960000038E0,1.518000031E2,3.432251404E-1,9.173516273E0,4.541209698E0,1.400000000E1
2.751489024E2,5.162368517E1,6.976391130E0,5.738509392E1,1.021170654E2,4.380000114E0,1.436000061E2,3.507027212E-1,1.104556370E1,4.761756897E0,1.400000000E1
2.761471258E2,5.162362957E1,6.976330200E0,5.786434506E1,1.025964355E2,5.739999771E0,2.031999969E2,3.596519176E-1,1.036332417E1,5.198281288E0,1.400000000E1
2.771460885E2,5.162369993E1,6.976267260E0,5.782114348E1,1.025529785E2,3.400000095E0,2.390000000E2,3.695364669E-1,1.114524555E1,5.359188557E0,1.400000000E1
2.781475631E2,5.162377137E1,6.976182050E0,5.796430211E1,1.026958618E2,3.799999952E0,2.902000122E2,3.736610139E-1,1.139161682E1,5.600094795E0,1.300000000E1
2.791481610E2,5.162379761E1,6.976139820E0,5.849639385E1,1.032278442E2,2.630000114E0,2.831000061E2,3.796910879E-1,1.274410629E1,5.964633942E0,1.300000000E1
2.801473821E2,5.162384105E1,6.976087530E0,5.917496738E1,1.039062500E2,2.819999933E0,2.890000000E2,3.920808027E-1,1.363789845E1,6.254654884E0,1.100000000E1
2.811479357E2,5.162393681E1,6.975995770E0,6.107009499E1,1.058010254E2,4.909999847E0,3.021000061E2,4.109755851E-1,1.492883396E1,6.618079185E0,1.100000000E1
2.821494353E2,5.162402423E1,6.975761060E0,6.074826394E1,1.054787598E2,7.880000114E0,3.020000000E2,4.300643080E-1,1.467818832E1,7.019840240E0,1.100000000E1
2.831461447E2,5.162412430E1,6.975536380E0,5.956324260E1,1.042932739E2,9.039999962E0,3.047000122E2,4.480821658E-1,1.684842110E1,8.041012764E0,1.100000000E1
2.841478329E2,5.162421117E1,6.975316050E0,5.999817403E1,1.047277832E2,1.127999973E1,3.011000061E2,4.635216808E-1,1.616801643E1,8.789244652E0,1.000000000E1
2.851491158E2,5.162427959E1,6.975121430E0,6.053502132E1,1.052642822E2,1.048999977E1,3.008999939E2,4.811422929E-1,1.715194893E1,9.414999008E0,1.000000000E1
2.861472165E2,5.162431625E1,6.974873100E0,6.158524254E1,1.063142090E2,1.230000019E1,2.943999939E2,4.939622933E-1,1.880082703E1,1.024465466E1,1.000000000E1
2.871464127E2,5.162438506E1,6.974724090E0,6.465422234E1,1.093828735E2,9.359999657E0,3.042999878E2,5.066348029E-1,1.731914711E1,1.034204578E1,1.000000000E1
2.881465312E2,5.162449180E1,6.974659760E0,6.620176663E1,1.109300537E2,9.069999695E0,3.336000061E2,5.206475087E-1,1.631122780E1,1.002397537E1,1.300000000E1
2.891475598E2,5.162460802E1,6.974581280E0,6.694106099E1,1.116689453E2,9.979999542E0,3.288999939E2,5.287191214E-1,1.531886578E1,9.336156845E0,1.400000000E1
2.901478474E2,5.162464971E1,6.974485560E0,6.717422724E1,1.119019165E2,7.440000057E0,3.107000122E2,5.363685363E-1,1.437312984E1,8.568695068E0,1.200000000E1
2.911460415E2,5.162461938E1,6.974585020E0,6.652837209E1,1.112562256E2,1.399999976E0,2.717999878E2,5.627036338E-1,1.570122242E1,8.600133896E0,1.200000000E1
2.921473291E2,5.162454336E1,6.974946330E0,6.783000059E1,1.125583496E2,1.225000000E1,1.141999969E2,5.704723029E-1,1.402179050E1,8.202844620E0,1.300000000E1
2.931481549E2,5.162451475E1,6.975049000E0,6.691980486E1,1.116483154E2,6.369999886E0,1.220999985E2,5.783754811E-1,1.340118599E1,7.623583794E0,1.300000000E1
2.941483646E2,5.162449964E1,6.975160870E0,6.583697373E1,1.105656128E2,6.829999924E0,1.119000015E2,5.813480757E-1,1.376781559E1,7.410677433E0,1.300000000E1
2.951488522E2,5.162448863E1,6.975200110E0,6.450250014E1,1.092312012E2,5.030000210E0,1.141999969E2,5.853988409E-1,1.489446640E1,7.570659637E0,1.300000000E1
2.961483991E2,5.162446613E1,6.975246260E0,6.452479889E1,1.092536011E2,5.170000076E0,1.163000031E2,5.911880899E-1,1.630666161E1,7.513232231E0,1.400000000E1
2.971480557E2,5.162444821E1,6.975325000E0,6.446847351E1,1.091973877E2,5.769999981E0,1.143000031E2,6.020182960E-1,1.812129784E1,7.632734776E0,1.200000000E1
2.981491470E2,5.162441129E1,6.975470180E0,6.319176626E1,1.079208984E2,6.119999886E0,1.040000000E2,6.273044600E-1,1.719289207E1,7.811226368E0,1.100000000E1
2.991484793E2,5.162425013E1,6.975728610E0,6.142589791E1,1.061557007E2,1.401000023E1,1.231999969E2,6.392134367E-1,1.536929893E1,8.147497177E0,1.200000000E1
3.001487916E2,5.162419435E1,6.975875880E0,6.186428217E1,1.065943604E2,1.088000011E1,1.231999969E2,6.516793743E-1,1.566342831E1,8.243828773E0,1.000000000E1
3.011499607E2,5.162413202E1,6.976025980E0,6.269168300E1,1.074220581E2,1.080000019E1,1.241999969E2,6.639855106E-1,1.652873611E1,8.387564659E0,1.100000000E1
3.021469888E2,5.162406443E1,6.976167140E0,6.277523949E1,1.075059204E2,1.068000031E1,1.248000031E2,6.689412781E-1,1.710209656E1,8.108188629E0,1.100000000E1
3.031462892E2,5.162404456E1,6.976231400E0,6.305265940E1,1.077834473E2,7.079999924E0,1.214000015E2,6.763455896E-1,1.758617783E1,7.720200539E0,1.200000000E1
3.041466682E2,5.162399647E1,6.976305590E0,6.417996390E1,1.089109497E2,7.260000229E0,1.235000000E2,6.828187175E-1,1.899772263E1,7.578153610E0,1.300000000E1
3.051484988E2,5.162396558E1,6.976385070E0,6.410272553E1,1.088338623E2,6.760000229E0,1.251999969E2,6.956550891E-1,2.135422897E1,7.602171898E0,1.200000000E1
3.061529930E2,5.162393110E1,6.976207610E0,6.342886719E1,1.081599731E2,4.559999943E0,1.486000061E2,7.062913849E-1,2.412377167E1,7.804395199E0,9.000000000E0
3.071476670E2,5.162402120E1,6.976259350E0,6.358125583E1,1.083121338E2,2.559999943E0,1.165000000E2,7.305576078E-1,1.970753288E1,7.767414570E0,1.000000000E1
3.081464787E2,5.162419368E1,6.976043990E0,6.350422999E1,1.082344360E2,7.179999828E0,3.347999878E2,7.433073237E-1,1.617092896E1,7.871093750E0,1.200000000E1
3.091512320E2,5.162421950E1,6.975864040E0,6.093364039E1,1.056636353E2,9.550000191E0,3.161000061E2,7.577949114E-1,1.478119755E1,7.905588627E0,1.300000000E1
3.101497800E2,5.162430732E1,6.975709010E0,5.959698033E1,1.043265991E2,7.659999847E0,3.230000000E2,7.651346681E-1,1.467025948E1,8.077274323E0,1.200000000E1
3.111489040E2,5.162433716E1,6.975614170E0,5.890475687E1,1.036342163E2,8.390000343E0,3.162999878E2,7.774045407E-1,1.504643154E1,8.444064140E0,1.100000000E1
3.121522064E2,5.162439310E1,6.975460960E0,5.673633601E1,1.014655151E2,9.029999733E0,3.150000000E2,7.929820106E-1,1.559557819E1,8.813522339E0,1.000000000E1
3.131539180E2,5.162445871E1,6.975261580E0,5.585752912E1,1.005863647E2,9.909999847E0,3.083999939E2,8.174829276E-1,1.599481297E1,8.813888550E0,1.000000000E1
3.141509490E2,5.162448405E1,6.974909010E0,5.620387641E1,1.009323730E2,1.594999981E1,2.912000122E2,8.316077438E-1,1.548432541E1,9.022314072E0,1.000000000E1
3.151505176E2,5.162455607E1,6.974740460E0,5.801024605E1,1.027384033E2,1.334000015E1,2.973999939E2,8.484229232E-1,1.531903458E1,8.861962318E0,1.100000000E1
3.161474384E2,5.162463315E1,6.974530890E0,5.834492066E1,1.030726929E2,1.331000042E1,3.036000061E2,8.546201031E-1,1.517625141E1,8.679572105E0,1.200000000E1
3.171467623E2,5.162465652E1,6.974449390E0,5.581215289E1,1.005397949E2,9.939999580E0,3.071000061E2,8.627076145E-1,1.581908131E1,8.931336403E0,1.100000000E1
3.181476676E2,5.162470647E1,6.974364230E0,5.495475951E1,9.968218994E1,1.046000004E1,3.158999939E2,8.743857507E-1,1.717131996E1,9.279039383E0,1.200000000E1
3.191470576E2,5.162480504E1,6.974305840E0,5.510365454E1,9.983074951E1,1.060000038E1,3.173999939E2,8.783939897E-1,1.959792900E1,9.607131004E0,1.200000000E1
3.201466415E2,5.162481376E1,6.974249500E0,5.453749938E1,9.926452637E1,9.010000229E0,3.126000061E2,8.838941152E-1,2.350833893E1,1.026371193E1,1.200000000E1
3.211483588E2,5.162479504E1,6.974175750E0,5.466396403E1,9.939099121E1,7.719999790E0,3.027999878E2,8.913087493E-1,2.791299057E1,1.063103580E1,1.200000000E1
3.221464091E2,5.162477310E1,6.974277180E0,5.510321525E1,9.983038330E1,4.710000038E0,3.107999878E2,8.935744696E-1,3.077907181E1,1.078909683E1,1.200000000E1
3.231477126E2,5.162479080E1,6.974260920E0,5.480738137E1,9.953448486E1,4.400000095E0,3.127000122E2,9.175858020E-1,3.332514954E1,1.092006111E1,1.100000000E1
3.241475675E2,5.162466712E1,6.974546050E0,5.540140634E1,1.001290894E2,7.599999905E-1,1.050999985E2,9.201532613E-1,3.006959343E1,1.044987392E1,1.000000000E1
3.251457447E2,5.162465659E1,6.974512950E0,5.502743755E1,9.975512695E1,2.700000107E-1,2.198000031E2,9.330118934E-1,3.431125641E1,1.095402718E1,1.000000000E1
3.261473947E2,5.162459281E1,6.974668330E0,5.446011584E1,9.918811035E1,1.179999948E0,1.331000061E2,9.660930943E-1,3.727186203E1,1.158139801E1,9.000000000E0
3.271468891E2,5.162441654E1,6.975054380E0,5.572761558E1,1.004564209E2,5.940000057E0,1.260999985E2,9.936441523E-1,3.529361343E1,1.223428631E1,7.000000000E0
3.281550189E2,5.162421339E1,6.975282870E0,5.730911853E1,1.020386963E2,7.960000038E0,1.428999939E2,1.009334658E0,2.796944237E1,1.218084526E1,9.000000000E0
3.291477743E2,5.162412882E1,6.975464820E0,5.938197412E1,1.041119385E2,6.900000095E0,1.501000061E2,1.017535046E0,2.587743950E1,1.191587830E1,1.100000000E1
3.301488387E2,5.162408840E1,6.975564180E0,5.955865994E1,1.042888184E2,5.130000114E0,1.795000000E2,1.024445127E0,2.221511269E1,1.083637333E1,1.100000000E1
3.311486501E2,5.162409547E1,6.975663630E0,5.733399702E1,1.020642090E2,4.639999866E0,1.663000031E2,1.043515139E0,1.807090759E1,9.805051804E0,1.100000000E1
3.321489187E2,5.162392425E1,6.975679430E0,5.362376152E1,9.835449219E1,7.760000229E0,1.741999969E2,1.051918274E0,1.654045105E1,9.643179893E0,1.300000000E1
3.331506367E2,5.162399969E1,6.975672260E0,5.078304783E1,9.551354980E1,2.199999988E-1,1.435000000E2,1.055450428E0,1.471481133E1,9.370759964E0,1.300000000E1
3.341481309E2,5.162398233E1,6.975629410E0,4.786866086E1,9.259918213E1,7.900000215E-1,1.993999939E2,1.057660554E0,1.402127457E1,9.098982811E0,1.300000000E1
3.351473842E2,5.162396247E1,6.975630700E0,4.796320559E1,9.269378662E1,0.000000000E0,0.000000000E0,1.059735726E0,1.349414062E1,8.798598289E0,1.300000000E1
3.361522817E2,5.162398038E1,6.975639150E0,4.740832064E1,9.213885498E1,0.000000000E0,0.000000000E0,1.060143353E0,1.311335373E1,8.648798943E0,1.300000000E1
3.371481570E2,5.162398248E1,6.975634310E0,4.674469523E1,9.147521973E1,0.000000000E0,0.000000000E0,1.061536956E0,1.293276119E1,8.416001320E0,1.100000000E1
3.381482233E2,5.162399501E1,6.975634750E0,4.654148492E1,9.127197266E1,0.000000000E0,0.000000000E0,1.061843366E0,1.269326401E1,8.133376122E0,9.000000000E0
3.391473996E2,5.162399697E1,6.975631630E0,4.651964248E1,9.125012207E1,0.000000000E0,0.000000000E0,1.062505626E0,1.229138279E1,7.500838280E0,9.000000000E0
3.401475155E2,5.162400131E1,6.975625060E0,4.661713339E1,9.134759521E1,0.000000000E0,0.000000000E0,1.064469855E0,1.194460487E1,6.995149136E0,1.000000000E1
3.411471826E2,5.162398610E1,6.975610590E0,4.634756795E1,9.107806396E1,0.000000000E0,0.000000000E0,1.065173995E0,1.179758549E1,6.776641369E0,1.100000000E1
3.421502985E2,5.162399221E1,6.975607910E0,4.608232925E1,9.081280518E1,0.000000000E0,0.000000000E0,1.067082556E0,1.160168171E1,6.311786175E0,1.100000000E1
3.431457032E2,5.162400829E1,6.975598240E0,4.615220832E1,9.088262939E1,5.099999905E-1,3.332000122E2,1.069841277E0,1.210335350E1,6.475299835E0,1.200000000E1
3.441464427E2,5.162403045E1,6.975580270E0,4.683942116E1,9.156976318E1,8.899999857E-1,3.342999878E2,1.070783353E0,1.225652599E1,6.306777954E0,1.200000000E1
3.451476395E2,5.162402774E1,6.975567340E0,4.755725730E1,9.228759766E1,6.600000262E-1,1.423000031E2,1.071379194E0,1.199509811E1,6.649281979E0,1.100000000E1
3.461486365E2,5.162402313E1,6.975571740E0,4.717174231E1,9.190209961E1,8.199999928E-1,1.391999969E2,1.072233605E0,1.191259480E1,6.707077026E0,1.100000000E1
3.471476614E2,5.162401585E1,6.975567780E0,4.659695566E1,9.132733154E1,9.700000286E-1,1.353000031E2,1.074011636E0,1.172424126E1,6.682919979E0,1.100000000E1
3.481469114E2,5.162401282E1,6.975542490E0,4.434971221E1,8.908007812E1,1.159999967E0,1.356999969E2,1.075571024E0,1.183689690E1,7.067148685E0,1.100000000E1
3.491475941E2,5.162401928E1,6.975522440E0,4.464802516E1,8.937835693E1,1.370000005E0,1.363000031E2,1.077069709E0,1.177167130E1,6.994135380E0,1.000000000E1
3.501492288E2,5.162401926E1,6.975500730E0,4.427676450E1,8.900708008E1,1.570000052E0,1.391000061E2,1.078847109E0,1.157919312E1,6.856000423E0,1.100000000E1
3.511494980E2,5.162401220E1,6.975477630E0,4.232693180E1,8.705725098E1,1.820000052E0,1.406000061E2,1.080643584E0,1.144601917E1,6.944393635E0,1.100000000E1
3.521476090E2,5.162400940E1,6.975452000E0,4.251816585E1,8.724847412E1,1.950000048E0,1.403999939E2,1.082473622E0,1.159429073E1,7.182384014E0,1.100000000E1
3.531477899E2,5.162400942E1,6.975425490E0,4.285918918E1,8.758947754E1,2.130000114E0,1.401000061E2,1.084033772E0,1.193742371E1,7.556739330E0,1.100000000E1
3.541493929E2,5.162400714E1,6.975403190E0,4.289032706E1,8.762060547E1,2.369999886E0,1.400000000E2,1.085789854E0,1.155742073E1,7.112511635E0,1.200000000E1
3.551480098E2,5.162400517E1,6.975377950E0,4.238136796E1,8.711163330E1,2.390000105E0,1.385000000E2,1.087634823E0,1.165936661E1,7.370269775E0,1.200000000E1
3.561470148E2,5.162400553E1,6.975351230E0,4.248319568E1,8.721343994E1,2.789999962E0,1.381000061E2,1.089917212E0,1.155235195E1,7.189200878E0,1.100000000E1
3.571472776E2,5.162401074E1,6.975319250E0,4.214021747E1,8.687042236E1,2.900000095E0,1.380000000E2,1.092297698E0,1.153440189E1,7.118601322E0,1.100000000E1
3.581459285E2,5.162401637E1,6.975285980E0,4.281402614E1,8.754418945E1,3.200000048E0,1.381999969E2,1.094588179E0,1.152504063E1,7.066995621E0,1.100000000E1
3.591487754E2,5.162401639E1,6.975252800E0,4.370693435E1,8.843707275E1,3.380000114E0,1.368999939E2,1.101344207E0,1.155426788E1,7.119972706E0,1.100000000E1
3.601490417E2,5.162404621E1,6.975167530E0,4.412755767E1,8.885754395E1,3.609999895E0,2.963999939E2,1.107883601E0,1.142862415E1,6.861268044E0,1.100000000E1
3.611461864E2,5.162407091E1,6.975081560E0,4.314624986E1,8.787609863E1,3.839999914E0,2.982999878E2,1.114062343E0,1.155315113E1,7.149498463E0,1.000000000E1
3.621453804E2,5.162409717E1,6.975002680E0,4.175362543E1,8.648333740E1,4.159999847E0,3.017999878E2,1.119773465E0,1.142296600E1,6.812280655E0,1.000000000E1
3.631457133E2,5.162411976E1,6.974928380E0,3.952901649E1,8.425860596E1,4.309999943E0,3.047999878E2,1.124812204E0,1.129756451E1,6.559296608E0,1.000000000E1
3.641465744E2,5.162414330E1,6.974866010E0,3.896016315E1,8.368963623E1,3.960000038E0,3.092000122E2,1.128786080E0,1.157546234E1,6.885446072E0,1.000000000E1
3.651487417E2,5.162415834E1,6.974813790E0,3.857328388E1,8.330267334E1,3.430000067E0,3.126000061E2,1.132065075E0,1.158561516E1,6.941403389E0,1.000000000E1
3.661489888E2,5.162417190E1,6.974771610E0,3.801079457E1,8.274011230E1,2.920000076E0,3.172999878E2,1.134004640E0,1.170169926E1,6.880652428E0,1.000000000E1
3.671476885E2,5.162418205E1,6.974748760E0,3.796848333E1,8.269775391E1,1.659999967E0,3.220000000E2,1.134705272E0,1.129782677E1,6.379897118E0,1.200000000E1
3.681515151E2,5.162418438E1,6.974739330E0,3.823137570E1,8.296063232E1,6.000000238E-1,3.263999939E2,1.135164473E0,1.114713669E1,6.138996601E0,1.200000000E1
3.691472040E2,5.162418203E1,6.974733860E0,3.882512284E1,8.355438232E1,3.499999940E-1,3.303999939E2,1.135553249E0,1.108360100E1,6.009906292E0,1.200000000E1
3.701473482E2,5.162418438E1,6.974729690E0,3.767437609E1,8.240362549E1,4.799999893E-1,3.347999878E2,1.136139288E0,1.100530434E1,5.895947456E0,1.100000000E1
3.711474739E2,5.162418840E1,6.974724200E0,3.741798340E1,8.214721680E1,5.000000000E-1,3.392000122E2,1.137135949E0,1.104488754E1,5.712693214E0,1.100000000E1
3.721486231E2,5.162419632E1,6.974717440E0,3.719956709E1,8.192877197E1,6.399999857E-1,3.436000061E2,1.138104336E0,1.105793953E1,5.540829182E0,1.100000000E1
3.731525183E2,5.162420366E1,6.974709890E0,3.723719212E1,8.196636963E1,6.600000262E-1,3.477999878E2,1.138930823E0,1.163169670E1,5.939229965E0,8.000000000E0
3.741478940E2,5.162420969E1,6.974702890E0,3.724838465E1,8.197753906E1,6.399999857E-1,3.518999939E2,1.139667523E0,1.258115387E1,6.342352867E0,8.000000000E0
3.751482593E2,5.162421519E1,6.974696940E0,3.719811241E1,8.192724609E1,6.899999976E-1,3.560000000E2,1.140652102E0,1.374334049E1,6.556849957E0,8.000000000E0
3.761473814E2,5.162422154E1,6.974687000E0,3.725282615E1,8.198193359E1,1.009999990E0,2.000000030E-1,1.141614019E0,1.517938709E1,6.722723961E0,8.000000000E0
3.771485860E2,5.162422722E1,6.974676490E0,3.723350269E1,8.196258545E1,1.009999990E0,4.500000000E0,1.142420988E0,1.775903320E1,6.886681557E0,8.000000000E0
3.781475092E2,5.162422487E1,6.974665430E0,3.705479308E1,8.178387451E1,9.399999976E-1,8.500000000E0,1.143225739E0,2.189112282E1,7.198528767E0,6.000000000E0
3.791489998E2,5.162422295E1,6.974654190E0,3.705296476E1,8.178204346E1,9.399999976E-1,1.269999981E1,1.144032746E0,2.902042580E1,8.109114647E0,4.000000000E0
3.801467389E2,5.162422137E1,6.974642780E0,3.705217517E1,8.178125000E1,9.399999976E-1,1.660000038E1,1.160456970E0,3.788378143E1,9.125700951E0,3.000000000E0
3.913467558E2,5.162435970E1,6.974726200E0,4.747127673E1,9.220000458E1,0.000000000E0,0.000000000E0,1.160592002E0,2.000000000E1,2.215517759E0,0.000000000E0
3.933817558E2,5.162436090E1,6.974726500E0,4.747128006E1,9.220000458E1,0.000000000E0,0.000000000E0,1.166684868E0,2.000000000E1,1.806622386E0,0.000000000E0
3.951476119E2,5.162440677E1,6.974678220E0,3.639968227E1,8.112823486E1,8.899999857E-1,3.527000122E2,1.167556866E0,4.987659073E1,2.599674988E1,0.000000000E0
3.961487191E2,5.162440137E1,6.974687380E0,3.640643433E1,8.113500977E1,8.899999857E-1,3.400000000E2,1.169074593E0,4.780811691E1,2.254947281E1,6.000000000E0
3.971464684E2,5.162439012E1,6.974674930E0,3.748612227E1,8.221472168E1,7.300000191E-1,3.087000122E2,1.172275742E0,3.286726379E1,1.754787254E1,6.000000000E0
3.981466004E2,5.162438155E1,6.974630660E0,3.867430143E1,8.340289307E1,1.529999971E0,3.027999878E2,1.174888168E0,2.918128777E1,1.577007866E1,8.000000000E0
3.991494901E2,5.162436591E1,6.974602420E0,3.846010392E1,8.318872070E1,6.100000143E-1,2.981000061E2,1.176261595E0,2.575525665E1,1.396225834E1,8.000000000E0
4.001476417E2,5.162435899E1,6.974585940E0,3.875025691E1,8.347888184E1,3.899999857E-1,2.852999878E2,1.177487068E0,2.354647827E1,1.258438873E1,8.000000000E0
4.011514046E2,5.162435136E1,6.974573130E0,3.845458962E1,8.318322754E1,4.099999964E-1,2.752999878E2,1.178640896E0,2.404507828E1,1.210487652E1,8.000000000E0
4.021480217E2,5.162434368E1,6.974561890E0,3.819584728E1,8.292449951E1,4.300000072E-1,2.667000122E2,1.179519336E0,2.548143005E1,1.188089466E1,6.000000000E0
4.031459283E2,5.162433841E1,6.974552410E0,3.818698868E1,8.291564941E1,4.300000072E-1,2.646000061E2,1.179764602E0,2.766023064E1,1.170517063E1,6.000000000E0
4.041452732E2,5.162433850E1,6.974548860E0,3.767582217E1,8.240447998E1,4.199999869E-1,2.967999878E2,1.180574026E0,2.781501198E1,1.139506149E1,6.000000000E0
4.051449474E2,5.162434555E1,6.974551780E0,3.721508646E1,8.194372559E1,3.400000036E-1,3.248999939E2,1.181833475E0,2.202423286E1,1.017506790E1,6.000000000E0
4.061473281E2,5.162435682E1,6.974553600E0,3.686770634E1,8.159631348E1,3.199999928E-1,3.471000061E2,1.182792296E0,1.862044144E1,8.765281677E0,9.000000000E0
4.071450049E2,5.162436486E1,6.974558620E0,3.687236505E1,8.160095215E1,3.700000048E-1,2.350000000E1,1.187959949E0,1.909426880E1,8.217406273E0,9.000000000E0
4.081469547E2,5.162437566E1,6.974631430E0,3.471780149E1,7.944641113E1,2.380000114E0,7.200000000E1,NaN,1.658782005E1,7.830088139E0,9.000000000E0
